Filename,Anomaly_Score
cast_def_0_1059.jpeg,0.621919815428555
cast_def_0_1063.jpeg,0.6083523016422987
cast_def_0_108.jpeg,0.6683362546609715
cast_def_0_1096.jpeg,0.6509336903691292
cast_def_0_112.jpeg,0.6922089431900531
cast_def_0_1134.jpeg,0.6668102741241455
cast_def_0_1136.jpeg,0.640224052593112
cast_def_0_1137.jpeg,0.6528241875348613
cast_def_0_1153.jpeg,0.6663856557570398
cast_def_0_1171.jpeg,0.6202604435384274
cast_def_0_1172.jpeg,0.6464374780189246
cast_def_0_1174.jpeg,0.6582891861908138
cast_def_0_118.jpeg,0.6651785857975483
cast_def_0_1186.jpeg,0.6454943343997002
cast_def_0_1189.jpeg,0.7029906334355474
cast_def_0_1191.jpeg,0.6910903933166992
cast_def_0_1203.jpeg,0.6819029062753543
cast_def_0_1211.jpeg,0.6461619148612954
cast_def_0_1215.jpeg,0.6899453997612
cast_def_0_1231.jpeg,0.6378692437428981
cast_def_0_1233.jpeg,0.6410318891284987
cast_def_0_1238.jpeg,0.6828961819410324
cast_def_0_1239.jpeg,0.6113727176561952
cast_def_0_1258.jpeg,0.6625031884759665
cast_def_0_1260.jpeg,0.6478018835186958
cast_def_0_1264.jpeg,0.6409763507544994
cast_def_0_1269.jpeg,0.6256788074970245
cast_def_0_1291.jpeg,0.6070638969540596
cast_def_0_1292.jpeg,0.6569371881487314
cast_def_0_1294.jpeg,0.6310621201992035
cast_def_0_1298.jpeg,0.6578660972882062
cast_def_0_1320.jpeg,0.6303992886096239
cast_def_0_1323.jpeg,0.6272736489772797
cast_def_0_1324.jpeg,0.6489545376971364
cast_def_0_1351.jpeg,0.668548122048378
cast_def_0_1352.jpeg,0.6358728877967224
cast_def_0_1358.jpeg,0.6520069839898497
cast_def_0_1359.jpeg,0.5920821465551853
cast_def_0_1376.jpeg,0.6907785162329674
cast_def_0_1379.jpeg,0.6175322830677032
cast_def_0_138.jpeg,0.6819752156734467
cast_def_0_1381.jpeg,0.6900903135538101
cast_def_0_1388.jpeg,0.64454585313797
cast_def_0_1392.jpeg,0.6431583315134048
cast_def_0_1394.jpeg,0.6871940195560455
cast_def_0_1397.jpeg,0.6518265295308083
cast_def_0_1399.jpeg,0.6682390365749598
cast_def_0_1400.jpeg,0.6813014829531312
cast_def_0_1411.jpeg,0.6046852320432663
cast_def_0_1412.jpeg,0.6782627031207085
cast_def_0_1413.jpeg,0.6743401004932821
cast_def_0_1414.jpeg,0.6637907871045172
cast_def_0_1418.jpeg,0.6662834994494915
cast_def_0_1421.jpeg,0.661305270739831
cast_def_0_1422.jpeg,0.67840426415205
cast_def_0_1424.jpeg,0.6724924575537443
cast_def_0_1425.jpeg,0.6136658973991871
cast_def_0_143.jpeg,0.6771635189652443
cast_def_0_144.jpeg,0.6123887449502945
cast_def_0_1443.jpeg,0.6400056055863388
cast_def_0_1447.jpeg,0.6407005190849304
cast_def_0_1453.jpeg,0.6774560511112213
cast_def_0_1462.jpeg,0.6666825544380117
cast_def_0_1466.jpeg,0.6733143033925444
cast_def_0_1467.jpeg,0.6791117041138932
cast_def_0_147.jpeg,0.6877460479736328
cast_def_0_1471.jpeg,0.687358022085391
cast_def_0_1474.jpeg,0.6822679061442614
cast_def_0_1476.jpeg,0.6418079882860184
cast_def_0_1477.jpeg,0.611981313675642
cast_def_0_148.jpeg,0.6754429847933352
cast_def_0_1480.jpeg,0.6392759897280484
cast_def_0_1486.jpeg,0.6737314388155937
cast_def_0_1488.jpeg,0.692239997559227
cast_def_0_149.jpeg,0.6399413729086518
cast_def_0_1492.jpeg,0.6354239229112864
cast_def_0_1493.jpeg,0.6488441228866577
cast_def_0_1497.jpeg,0.6024852395057678
cast_def_0_1499.jpeg,0.6669418186356779
cast_def_0_15.jpeg,0.629220224916935
cast_def_0_150.jpeg,0.6290922984480858
cast_def_0_1500.jpeg,0.667739515658468
cast_def_0_1505.jpeg,0.6835813843936194
cast_def_0_1506.jpeg,0.6483992515713908
cast_def_0_1507.jpeg,0.671103972941637
cast_def_0_1509.jpeg,0.6826843619346619
cast_def_0_151.jpeg,0.6618691235780716
cast_def_0_1510.jpeg,0.6423835884779692
cast_def_0_1511.jpeg,0.6805863305926323
cast_def_0_1517.jpeg,0.6104669123888016
cast_def_0_1518.jpeg,0.7227516500279307
cast_def_0_1519.jpeg,0.6429099142551422
cast_def_0_1528.jpeg,0.6164339184761047
cast_def_0_1529.jpeg,0.677358839660883
cast_def_0_1535.jpeg,0.6599203236401081
cast_def_0_1536.jpeg,0.6271155178546906
cast_def_0_1539.jpeg,0.6486937999725342
cast_def_0_154.jpeg,0.6593764424324036
cast_def_0_1544.jpeg,0.6267768302932382
cast_def_0_1546.jpeg,0.7001492957351729
cast_def_0_1547.jpeg,0.6515902747632936
cast_def_0_1553.jpeg,0.6330441609025002
cast_def_0_1555.jpeg,0.6688419105485082
cast_def_0_1556.jpeg,0.6501351874321699
cast_def_0_1560.jpeg,0.7068369309417903
cast_def_0_1565.jpeg,0.6493562613613904
cast_def_0_1567.jpeg,0.6861961055546999
cast_def_0_1568.jpeg,0.6989929862320423
cast_def_0_1569.jpeg,0.7084816172719002
cast_def_0_157.jpeg,0.6411534957587719
cast_def_0_1570.jpeg,0.6827267250046134
cast_def_0_1571.jpeg,0.6538249459117651
cast_def_0_1573.jpeg,0.6437709836754948
cast_def_0_1574.jpeg,0.7057173158973455
cast_def_0_1576.jpeg,0.6681581465527415
cast_def_0_158.jpeg,0.6273292852565646
cast_def_0_1583.jpeg,0.6759158819913864
cast_def_0_1585.jpeg,0.6319745026994497
cast_def_0_1586.jpeg,0.6396532179787755
cast_def_0_1589.jpeg,0.660633809864521
cast_def_0_159.jpeg,0.6708800941705704
cast_def_0_1590.jpeg,0.6198403872549534
cast_def_0_1591.jpeg,0.6142112128436565
cast_def_0_1593.jpeg,0.6494282162748277
cast_def_0_1594.jpeg,0.6727061830461025
cast_def_0_1596.jpeg,0.6682272008620203
cast_def_0_1599.jpeg,0.6207046210765839
cast_def_0_160.jpeg,0.6684254973952193
cast_def_0_1603.jpeg,0.6190102389082313
cast_def_0_1607.jpeg,0.6569864172488451
cast_def_0_1608.jpeg,0.6596279907389544
cast_def_0_161.jpeg,0.6911730915307999
cast_def_0_1612.jpeg,0.6229026541113853
cast_def_0_1613.jpeg,0.7002749624662101
cast_def_0_1614.jpeg,0.5956363677978516
cast_def_0_1617.jpeg,0.6310192532837391
cast_def_0_1618.jpeg,0.6813242873759009
cast_def_0_162.jpeg,0.6357065141201019
cast_def_0_1620.jpeg,0.6753998696804047
cast_def_0_1625.jpeg,0.6175024379044771
cast_def_0_1628.jpeg,0.6736766947433352
cast_def_0_1629.jpeg,0.6510052863741294
cast_def_0_1633.jpeg,0.666910593456123
cast_def_0_1634.jpeg,0.6193352490663528
cast_def_0_1635.jpeg,0.6793050551787019
cast_def_0_1636.jpeg,0.6384842991828918
cast_def_0_1637.jpeg,0.6779322512447834
cast_def_0_1638.jpeg,0.6766747115179896
cast_def_0_1639.jpeg,0.6623054287047125
cast_def_0_164.jpeg,0.6662979833781719
cast_def_0_1640.jpeg,0.6271438896656036
cast_def_0_1642.jpeg,0.6972993309609592
cast_def_0_1644.jpeg,0.632896400988102
cast_def_0_1645.jpeg,0.6754990993067622
cast_def_0_1647.jpeg,0.6856787176802754
cast_def_0_1653.jpeg,0.6967921555042267
cast_def_0_1660.jpeg,0.6770882625132799
cast_def_0_1661.jpeg,0.6209089150652289
cast_def_0_1665.jpeg,0.6677338758017868
cast_def_0_1666.jpeg,0.6810600066091865
cast_def_0_1677.jpeg,0.6244312236667611
cast_def_0_1678.jpeg,0.6403936203569174
cast_def_0_1681.jpeg,0.6586181987076998
cast_def_0_1682.jpeg,0.663974218070507
cast_def_0_1683.jpeg,0.6643045097589493
cast_def_0_1684.jpeg,0.617535226047039
cast_def_0_1685.jpeg,0.6384216219303198
cast_def_0_1686.jpeg,0.6715602521435358
cast_def_0_1688.jpeg,0.6816985690966249
cast_def_0_174.jpeg,0.6854793559759855
cast_def_0_175.jpeg,0.6698121316730976
cast_def_0_176.jpeg,0.6772188738395926
cast_def_0_181.jpeg,0.6477829106152058
cast_def_0_182.jpeg,0.604262188076973
cast_def_0_184.jpeg,0.6376587450504303
cast_def_0_186.jpeg,0.6495022536255419
cast_def_0_1895.jpeg,0.6207357048988342
cast_def_0_190.jpeg,0.6546812443993986
cast_def_0_1903.jpeg,0.6705623021698557
cast_def_0_193.jpeg,0.6229157987982035
cast_def_0_1935.jpeg,0.6336609032005072
cast_def_0_197.jpeg,0.634939031675458
cast_def_0_2053.jpeg,0.6212055124342442
cast_def_0_2084.jpeg,0.6867685131728649
cast_def_0_2100.jpeg,0.6688446383923292
cast_def_0_2102.jpeg,0.6287487335503101
cast_def_0_2104.jpeg,0.6538152061402798
cast_def_0_2126.jpeg,0.6483937948942184
cast_def_0_2135.jpeg,0.6807125962805003
cast_def_0_2136.jpeg,0.620586447417736
cast_def_0_2137.jpeg,0.6789102246402763
cast_def_0_2154.jpeg,0.655220540240407
cast_def_0_2155.jpeg,0.6565700857900083
cast_def_0_2156.jpeg,0.669566466473043
cast_def_0_216.jpeg,0.62274219840765
cast_def_0_2176.jpeg,0.6686139106750488
cast_def_0_2177.jpeg,0.5982247032225132
cast_def_0_2179.jpeg,0.7081641054246575
cast_def_0_218.jpeg,0.6429741140455008
cast_def_0_220.jpeg,0.663257366977632
cast_def_0_221.jpeg,0.6662037692731246
cast_def_0_2211.jpeg,0.6414955900982022
cast_def_0_2212.jpeg,0.6564086824655533
cast_def_0_2215.jpeg,0.660397355328314
cast_def_0_224.jpeg,0.656937456515152
cast_def_0_2241.jpeg,0.6376380266156048
cast_def_0_2244.jpeg,0.6492509571835399
cast_def_0_2247.jpeg,0.674916579388082
cast_def_0_2273.jpeg,0.6306791007518768
cast_def_0_2274.jpeg,0.6928852451965213
cast_def_0_2276.jpeg,0.6574748530983925
cast_def_0_228.jpeg,0.623905960470438
cast_def_0_2299.jpeg,0.6616591545753181
cast_def_0_230.jpeg,0.6078617796301842
cast_def_0_2305.jpeg,0.7017838305910118
cast_def_0_2308.jpeg,0.6586797349154949
cast_def_0_2309.jpeg,0.6414806116372347
cast_def_0_231.jpeg,0.6437720748363063
cast_def_0_2319.jpeg,0.6715278056217358
cast_def_0_2324.jpeg,0.6559374574571848
cast_def_0_2339.jpeg,0.6580757200717926
cast_def_0_2341.jpeg,0.6691043190658092
cast_def_0_2342.jpeg,0.6316283345222473
cast_def_0_235.jpeg,0.6981695804279298
cast_def_0_236.jpeg,0.6551824435591698
cast_def_0_2372.jpeg,0.6590790133923292
cast_def_0_2375.jpeg,0.6600107536651194
cast_def_0_2376.jpeg,0.6507341177202761
cast_def_0_2392.jpeg,0.6879273479571566
cast_def_0_2393.jpeg,0.6362762870267034
cast_def_0_2396.jpeg,0.7012109565548599
cast_def_0_242.jpeg,0.6613895297050476
cast_def_0_2420.jpeg,0.700721139088273
cast_def_0_2421.jpeg,0.6618680541869253
cast_def_0_2422.jpeg,0.6553706084378064
cast_def_0_2442.jpeg,0.688528373837471
cast_def_0_2451.jpeg,0.6895993128418922
cast_def_0_2453.jpeg,0.6282525658607483
cast_def_0_246.jpeg,0.6725758880202193
cast_def_0_247.jpeg,0.6668316852301359
cast_def_0_2479.jpeg,0.6330446973443031
cast_def_0_2480.jpeg,0.6539101607049815
cast_def_0_2483.jpeg,0.6301581040024757
cast_def_0_2486.jpeg,0.6894487361423671
cast_def_0_2487.jpeg,0.6702814769232646
cast_def_0_249.jpeg,0.6243796795606613
cast_def_0_2509.jpeg,0.6158160008490086
cast_def_0_2510.jpeg,0.668050030246377
cast_def_0_2514.jpeg,0.6927279131487012
cast_def_0_2515.jpeg,0.6261842851527035
cast_def_0_2516.jpeg,0.6313983183354139
cast_def_0_2526.jpeg,0.6408496778458357
cast_def_0_2528.jpeg,0.6776984641328454
cast_def_0_2551.jpeg,0.6458054026588798
cast_def_0_2553.jpeg,0.6528521124273539
cast_def_0_257.jpeg,0.6320208652177826
cast_def_0_259.jpeg,0.6764398086816072
cast_def_0_26.jpeg,0.6307113096117973
cast_def_0_260.jpeg,0.6513965709600598
cast_def_0_275.jpeg,0.6622127946466208
cast_def_0_28.jpeg,0.6302941110916436
cast_def_0_280.jpeg,0.6875912388786674
cast_def_0_283.jpeg,0.6979337349184789
cast_def_0_290.jpeg,0.6782106356695294
cast_def_0_291.jpeg,0.6018690699711442
cast_def_0_299.jpeg,0.6192117556929588
cast_def_0_302.jpeg,0.5900412909686565
cast_def_0_303.jpeg,0.6757572367787361
cast_def_0_3105.jpeg,0.6439510136842728
cast_def_0_3106.jpeg,0.6592030581086874
cast_def_0_3108.jpeg,0.6322125867009163
cast_def_0_3121.jpeg,0.6409925799816847
cast_def_0_3122.jpeg,0.6338446736335754
cast_def_0_3123.jpeg,0.6700758533552289
cast_def_0_3387.jpeg,0.6418822482228279
cast_def_0_3388.jpeg,0.6803128882311285
cast_def_0_340.jpeg,0.5990920066833496
cast_def_0_3412.jpeg,0.6293439008295536
cast_def_0_3416.jpeg,0.6879332787357271
cast_def_0_3438.jpeg,0.6377428807318211
cast_def_0_3446.jpeg,0.6504271700978279
cast_def_0_3473.jpeg,0.6327075697481632
cast_def_0_3500.jpeg,0.6758132136892527
cast_def_0_3503.jpeg,0.6507120132446289
cast_def_0_363.jpeg,0.673675422091037
cast_def_0_367.jpeg,0.636248430237174
cast_def_0_40.jpeg,0.691036275413353
cast_def_0_411.jpeg,0.6173272281885147
cast_def_0_4133.jpeg,0.6621189415454865
cast_def_0_4134.jpeg,0.6644757019239478
cast_def_0_4137.jpeg,0.6200429797172546
cast_def_0_4156.jpeg,0.6690929494216107
cast_def_0_4160.jpeg,0.63322464376688
cast_def_0_4164.jpeg,0.6637347610667348
cast_def_0_4175.jpeg,0.6584486179053783
cast_def_0_4186.jpeg,0.6367661873809993
cast_def_0_4198.jpeg,0.6350580537691712
cast_def_0_432.jpeg,0.6401884909719229
cast_def_0_434.jpeg,0.6125942282378674
cast_def_0_436.jpeg,0.6333909835666418
cast_def_0_437.jpeg,0.686489469371736
cast_def_0_439.jpeg,0.6640900000929832
cast_def_0_441.jpeg,0.6727300880011171
cast_def_0_442.jpeg,0.649546436034143
cast_def_0_450.jpeg,0.5976972915232182
cast_def_0_455.jpeg,0.6439087241888046
cast_def_0_456.jpeg,0.6493216920644045
cast_def_0_457.jpeg,0.6444109696894884
cast_def_0_459.jpeg,0.6520974785089493
cast_def_0_460.jpeg,0.6620474306400865
cast_def_0_461.jpeg,0.6367180440574884
cast_def_0_462.jpeg,0.6574368123692693
cast_def_0_468.jpeg,0.6185292545706034
cast_def_0_480.jpeg,0.624313123524189
cast_def_0_483.jpeg,0.6303355097770691
cast_def_0_485.jpeg,0.6269272156059742
cast_def_0_486.jpeg,0.6984025107230991
cast_def_0_49.jpeg,0.6812409069389105
cast_def_0_490.jpeg,0.7022823116276413
cast_def_0_491.jpeg,0.6522552371025085
cast_def_0_495.jpeg,0.651915892958641
cast_def_0_496.jpeg,0.6860010121017694
cast_def_0_499.jpeg,0.6410170474555343
cast_def_0_500.jpeg,0.6340030417777598
cast_def_0_501.jpeg,0.6194781996309757
cast_def_0_504.jpeg,0.6813676245510578
cast_def_0_505.jpeg,0.6196860074996948
cast_def_0_506.jpeg,0.6542289738135878
cast_def_0_507.jpeg,0.6971819922327995
cast_def_0_514.jpeg,0.6372269690036774
cast_def_0_515.jpeg,0.6640627067536116
cast_def_0_519.jpeg,0.6717568850144744
cast_def_0_520.jpeg,0.6007576328702271
cast_def_0_5251.jpeg,0.6610360313206911
cast_def_0_5289.jpeg,0.634502180851996
cast_def_0_5297.jpeg,0.6838316414505243
cast_def_0_5302.jpeg,0.7203171281144023
cast_def_0_531.jpeg,0.6510780965909362
cast_def_0_532.jpeg,0.656408860348165
cast_def_0_534.jpeg,0.7347484596539289
cast_def_0_535.jpeg,0.6448011314496398
cast_def_0_536.jpeg,0.7071825563907623
cast_def_0_537.jpeg,0.6317894663661718
cast_def_0_538.jpeg,0.6607832871377468
cast_def_0_549.jpeg,0.6248580068349838
cast_def_0_551.jpeg,0.6430827169679105
cast_def_0_552.jpeg,0.6802891220431775
cast_def_0_555.jpeg,0.6401357147842646
cast_def_0_558.jpeg,0.6510804702702444
cast_def_0_560.jpeg,0.6392945245024748
cast_def_0_564.jpeg,0.6910795797593892
cast_def_0_586.jpeg,0.6326285135000944
cast_def_0_588.jpeg,0.6478620569687337
cast_def_0_589.jpeg,0.6602039393037558
cast_def_0_590.jpeg,0.6554631604813039
cast_def_0_591.jpeg,0.6505374708212912
cast_def_0_592.jpeg,0.691629737149924
cast_def_0_594.jpeg,0.6982578076422215
cast_def_0_61.jpeg,0.636006573215127
cast_def_0_616.jpeg,0.6339357835240662
cast_def_0_617.jpeg,0.6129485815763474
cast_def_0_618.jpeg,0.6560770544456318
cast_def_0_619.jpeg,0.5921639371663332
cast_def_0_620.jpeg,0.6928201764822006
cast_def_0_621.jpeg,0.6277838181704283
cast_def_0_629.jpeg,0.6376069113612175
cast_def_0_641.jpeg,0.6907628495246172
cast_def_0_642.jpeg,0.6423536017537117
cast_def_0_643.jpeg,0.6394016742706299
cast_def_0_645.jpeg,0.6404540538787842
cast_def_0_646.jpeg,0.6814577430486679
cast_def_0_647.jpeg,0.6112915873527527
cast_def_0_648.jpeg,0.7059370130300522
cast_def_0_65.jpeg,0.6530862551881
cast_def_0_656.jpeg,0.6360960341989994
cast_def_0_659.jpeg,0.6532927402295172
cast_def_0_661.jpeg,0.6642228232230991
cast_def_0_662.jpeg,0.6544107250520028
cast_def_0_663.jpeg,0.6414282191544771
cast_def_0_666.jpeg,0.6329833045601845
cast_def_0_669.jpeg,0.6202531307935715
cast_def_0_67.jpeg,0.6636372273787856
cast_def_0_7.jpeg,0.6656506508588791
cast_def_0_703.jpeg,0.645313948392868
cast_def_0_708.jpeg,0.6766740675084293
cast_def_0_715.jpeg,0.614183783531189
cast_def_0_717.jpeg,0.6713465731590986
cast_def_0_7241.jpeg,0.6373805892653763
cast_def_0_7271.jpeg,0.6465814411640167
cast_def_0_732.jpeg,0.6495956447906792
cast_def_0_7442.jpeg,0.6473541110754013
cast_def_0_7454.jpeg,0.6281409803777933
cast_def_0_7468.jpeg,0.6712251877179369
cast_def_0_7481.jpeg,0.6195814656093717
cast_def_0_7596.jpeg,0.666435623075813
cast_def_0_7653.jpeg,0.630782812833786
cast_def_0_7659.jpeg,0.7052946016192436
cast_def_0_811.jpeg,0.6375198792666197
cast_def_0_829.jpeg,0.6841423707082868
cast_def_0_831.jpeg,0.6443180835340172
cast_def_0_849.jpeg,0.6740739960223436
cast_def_0_85.jpeg,0.632068594917655
cast_def_0_87.jpeg,0.6538817882537842
cast_def_0_88.jpeg,0.6499913111329079
cast_def_0_9270.jpeg,0.5981438253074884
cast_def_0_939.jpeg,0.6516152108088136
cast_def_0_9747.jpeg,0.5863411892205477
cast_def_0_9751.jpeg,0.6231154501438141
cast_def_0_9758.jpeg,0.6751943528652191
cast_def_0_983.jpeg,0.6135556548833847
cast_def_0_9921.jpeg,0.6445974847301841
cast_def_0_9925.jpeg,0.6263912823051214
cast_def_0_9927.jpeg,0.6565276011824608
cast_def_0_9960.jpeg,0.6787309665232897
cast_def_0_9969.jpeg,0.6216500103473663
cast_def_0_9991.jpeg,0.6017163433134556
cast_ok_0_10.jpeg,0.6090020053088665
cast_ok_0_1001.jpeg,0.6014650389552116
cast_ok_0_1002.jpeg,0.6491744099184871
cast_ok_0_1003.jpeg,0.6107730343937874
cast_ok_0_1019.jpeg,0.6608608225360513
cast_ok_0_1020.jpeg,0.5923256874084473
cast_ok_0_1021.jpeg,0.6095711961388588
cast_ok_0_1022.jpeg,0.6274114102125168
cast_ok_0_1026.jpeg,0.599268302321434
cast_ok_0_1028.jpeg,0.6266540684737265
cast_ok_0_1031.jpeg,0.6483033613767475
cast_ok_0_1040.jpeg,0.6179240271449089
cast_ok_0_1066.jpeg,0.6237486289901426
cast_ok_0_1069.jpeg,0.614093117415905
cast_ok_0_1077.jpeg,0.610144168138504
cast_ok_0_1088.jpeg,0.6257917415350676
cast_ok_0_1092.jpeg,0.6259727478027344
cast_ok_0_1093.jpeg,0.6427697679027915
cast_ok_0_1095.jpeg,0.6275052726268768
cast_ok_0_1096.jpeg,0.6217952743172646
cast_ok_0_1120.jpeg,0.639443033374846
cast_ok_0_1121.jpeg,0.610032731667161
cast_ok_0_1127.jpeg,0.5976219177246094
cast_ok_0_1132.jpeg,0.6459026432130486
cast_ok_0_1134.jpeg,0.6261529475450516
cast_ok_0_1137.jpeg,0.650482508353889
cast_ok_0_1140.jpeg,0.6252463161945343
cast_ok_0_1141.jpeg,0.6155850291252136
cast_ok_0_1144.jpeg,0.6048795841634274
cast_ok_0_1145.jpeg,0.6136335283517838
cast_ok_0_1160.jpeg,0.600733146071434
cast_ok_0_1165.jpeg,0.611025333404541
cast_ok_0_1169.jpeg,0.624981015920639
cast_ok_0_1170.jpeg,0.6255148500204086
cast_ok_0_1171.jpeg,0.6344602108001709
cast_ok_0_1172.jpeg,0.6286486834287643
cast_ok_0_1173.jpeg,0.6145067512989044
cast_ok_0_1174.jpeg,0.6296312212944031
cast_ok_0_1176.jpeg,0.6202166378498077
cast_ok_0_1180.jpeg,0.618017140775919
cast_ok_0_1200.jpeg,0.6387670561671257
cast_ok_0_1202.jpeg,0.626826286315918
cast_ok_0_1203.jpeg,0.6233254317194223
cast_ok_0_1207.jpeg,0.6399458311498165
cast_ok_0_1209.jpeg,0.6082744002342224
cast_ok_0_1210.jpeg,0.6355563923716545
cast_ok_0_1213.jpeg,0.6013216897845268
cast_ok_0_1218.jpeg,0.6236894801259041
cast_ok_0_1315.jpeg,0.624528544023633
cast_ok_0_1316.jpeg,0.6272192448377609
cast_ok_0_1318.jpeg,0.6511136554181576
cast_ok_0_1323.jpeg,0.6225969335064292
cast_ok_0_1326.jpeg,0.6225453019142151
cast_ok_0_1328.jpeg,0.6361109390854836
cast_ok_0_1331.jpeg,0.6241148412227631
cast_ok_0_1333.jpeg,0.6406675800681114
cast_ok_0_1334.jpeg,0.6191633343696594
cast_ok_0_1343.jpeg,0.6149367168545723
cast_ok_0_1347.jpeg,0.6303120441734791
cast_ok_0_1351.jpeg,0.5895629599690437
cast_ok_0_1368.jpeg,0.6156328544020653
cast_ok_0_1376.jpeg,0.672645459882915
cast_ok_0_1381.jpeg,0.6317160576581955
cast_ok_0_1382.jpeg,0.5864951089024544
cast_ok_0_1384.jpeg,0.6361781097948551
cast_ok_0_1385.jpeg,0.6220695674419403
cast_ok_0_14.jpeg,0.6036825180053711
cast_ok_0_1415.jpeg,0.6164383850991726
cast_ok_0_1420.jpeg,0.6125142797827721
cast_ok_0_1421.jpeg,0.637807909399271
cast_ok_0_1426.jpeg,0.6065376549959183
cast_ok_0_1430.jpeg,0.6101682726293802
cast_ok_0_1431.jpeg,0.6529884089250118
cast_ok_0_1438.jpeg,0.6095733512192965
cast_ok_0_16.jpeg,0.6068453006446362
cast_ok_0_1865.jpeg,0.6013903953135014
cast_ok_0_1891.jpeg,0.6454874873161316
cast_ok_0_1925.jpeg,0.599393367767334
cast_ok_0_1958.jpeg,0.6242565661668777
cast_ok_0_2012.jpeg,0.6082927510142326
cast_ok_0_2272.jpeg,0.5977395698428154
cast_ok_0_2273.jpeg,0.625991016626358
cast_ok_0_2286.jpeg,0.5938211381435394
cast_ok_0_2291.jpeg,0.5943679809570312
cast_ok_0_2303.jpeg,0.5899937860667706
cast_ok_0_2311.jpeg,0.622758150100708
cast_ok_0_2330.jpeg,0.5903074853122234
cast_ok_0_2340.jpeg,0.6318616783246398
cast_ok_0_235.jpeg,0.5985005907714367
cast_ok_0_238.jpeg,0.6236459836363792
cast_ok_0_239.jpeg,0.5821015052497387
cast_ok_0_246.jpeg,0.6293020248413086
cast_ok_0_259.jpeg,0.6195523962378502
cast_ok_0_268.jpeg,0.6245390549302101
cast_ok_0_2686.jpeg,0.6057173013687134
cast_ok_0_2687.jpeg,0.6250006556510925
cast_ok_0_2694.jpeg,0.6175023913383484
cast_ok_0_2698.jpeg,0.6612290051998571
cast_ok_0_2699.jpeg,0.651793584227562
cast_ok_0_2700.jpeg,0.6183013543486595
cast_ok_0_2707.jpeg,0.6217074766755104
cast_ok_0_2708.jpeg,0.6174754798412323
cast_ok_0_2722.jpeg,0.6016905605792999
cast_ok_0_2724.jpeg,0.6382446587085724
cast_ok_0_2726.jpeg,0.6292353498283774
cast_ok_0_2727.jpeg,0.611471351236105
cast_ok_0_2729.jpeg,0.6149714887142181
cast_ok_0_2730.jpeg,0.6393079161643982
cast_ok_0_2732.jpeg,0.6368836861802265
cast_ok_0_2737.jpeg,0.6080434322357178
cast_ok_0_2752.jpeg,0.6044833958148956
cast_ok_0_2754.jpeg,0.617003858089447
cast_ok_0_2755.jpeg,0.6197068393230438
cast_ok_0_2758.jpeg,0.5921395570039749
cast_ok_0_2761.jpeg,0.6394954198040068
cast_ok_0_2765.jpeg,0.617869958281517
cast_ok_0_2768.jpeg,0.6730180066078901
cast_ok_0_2769.jpeg,0.46381473541259766
cast_ok_0_2784.jpeg,0.5960254669189453
cast_ok_0_2786.jpeg,0.6465996280312538
cast_ok_0_2798.jpeg,0.611079903319478
cast_ok_0_2801.jpeg,0.6030520414933562
cast_ok_0_2803.jpeg,0.6144392676651478
cast_ok_0_2805.jpeg,0.5946733355522156
cast_ok_0_2807.jpeg,0.5821256712079048
cast_ok_0_2810.jpeg,0.6219912068918347
cast_ok_0_2829.jpeg,0.5931218191981316
cast_ok_0_2831.jpeg,0.6371748393867165
cast_ok_0_2833.jpeg,0.6333197057247162
cast_ok_0_2840.jpeg,0.6403816938400269
cast_ok_0_2841.jpeg,0.6231224965304136
cast_ok_0_2844.jpeg,0.6255723387002945
cast_ok_0_2848.jpeg,0.6340581364929676
cast_ok_0_2850.jpeg,0.6401006802916527
cast_ok_0_2867.jpeg,0.6306812427937984
cast_ok_0_2868.jpeg,0.6201202981173992
cast_ok_0_2869.jpeg,0.616352915763855
cast_ok_0_2884.jpeg,0.5868930816650391
cast_ok_0_2885.jpeg,0.6234433017671108
cast_ok_0_2892.jpeg,0.6234539449214935
cast_ok_0_2894.jpeg,0.6322147846221924
cast_ok_0_2900.jpeg,0.6394836157560349
cast_ok_0_2911.jpeg,0.6096668504178524
cast_ok_0_2914.jpeg,0.6630874751135707
cast_ok_0_2915.jpeg,0.6284914287971333
cast_ok_0_2917.jpeg,0.6141243278980255
cast_ok_0_2926.jpeg,0.6053457260131836
cast_ok_0_2927.jpeg,0.5940320491790771
cast_ok_0_2932.jpeg,0.6307958327233791
cast_ok_0_2935.jpeg,0.605239599943161
cast_ok_0_31.jpeg,0.6274352073669434
cast_ok_0_3264.jpeg,0.6174020767211914
cast_ok_0_3278.jpeg,0.621917337179184
cast_ok_0_3292.jpeg,0.5994740724563599
cast_ok_0_3294.jpeg,0.6377155780792236
cast_ok_0_4475.jpeg,0.6191296130418777
cast_ok_0_4476.jpeg,0.6017413809895515
cast_ok_0_4497.jpeg,0.6241501495242119
cast_ok_0_4498.jpeg,0.622373104095459
cast_ok_0_45.jpeg,0.6293585300445557
cast_ok_0_49.jpeg,0.6030371636152267
cast_ok_0_4987.jpeg,0.6307118535041809
cast_ok_0_4992.jpeg,0.6088740825653076
cast_ok_0_5009.jpeg,0.6165728606283665
cast_ok_0_5012.jpeg,0.6240549385547638
cast_ok_0_504.jpeg,0.6266018897294998
cast_ok_0_505.jpeg,0.6513583543710411
cast_ok_0_525.jpeg,0.6049909591674805
cast_ok_0_526.jpeg,0.6323278248310089
cast_ok_0_5530.jpeg,0.6197092831134796
cast_ok_0_5533.jpeg,0.6154902577400208
cast_ok_0_5541.jpeg,0.6127585172653198
cast_ok_0_5560.jpeg,0.6078839525580406
cast_ok_0_5567.jpeg,0.6082916259765625
cast_ok_0_5587.jpeg,0.5994822978973389
cast_ok_0_5590.jpeg,0.6253905072808266
cast_ok_0_5605.jpeg,0.5905963033437729
cast_ok_0_5606.jpeg,0.6005678437650204
cast_ok_0_5805.jpeg,0.6329336687922478
cast_ok_0_5809.jpeg,0.63001274690032
cast_ok_0_5815.jpeg,0.6243847906589508
cast_ok_0_62.jpeg,0.6056372225284576
cast_ok_0_6365.jpeg,0.6220444142818451
cast_ok_0_6388.jpeg,0.6412502825260162
cast_ok_0_64.jpeg,0.6081959195435047
cast_ok_0_6401.jpeg,0.6306765638291836
cast_ok_0_6681.jpeg,0.5947638787329197
cast_ok_0_6682.jpeg,0.6087619476020336
cast_ok_0_6714.jpeg,0.6243358477950096
cast_ok_0_6718.jpeg,0.5983802657574415
cast_ok_0_7044.jpeg,0.611398484557867
cast_ok_0_7089.jpeg,0.6446844793390483
cast_ok_0_7559.jpeg,0.6275923401117325
cast_ok_0_7560.jpeg,0.6161650493741035
cast_ok_0_7588.jpeg,0.6290469244122505
cast_ok_0_7595.jpeg,0.6203791238367558
cast_ok_0_7611.jpeg,0.6302566528320312
cast_ok_0_7624.jpeg,0.6289383172988892
cast_ok_0_7631.jpeg,0.6028586030006409
cast_ok_0_7632.jpeg,0.6049752831459045
cast_ok_0_7820.jpeg,0.6225453391671181
cast_ok_0_7823.jpeg,0.6269085705280304
cast_ok_0_7839.jpeg,0.6036115065217018
cast_ok_0_7849.jpeg,0.6040399931371212
cast_ok_0_7900.jpeg,0.6359060406684875
cast_ok_0_7901.jpeg,0.6036948710680008
cast_ok_0_7925.jpeg,0.6195516884326935
cast_ok_0_7931.jpeg,0.6259943805634975
cast_ok_0_7936.jpeg,0.6139935776591301
cast_ok_0_7939.jpeg,0.5957730561494827
cast_ok_0_7945.jpeg,0.6393471769988537
cast_ok_0_7946.jpeg,0.6241691410541534
cast_ok_0_7997.jpeg,0.609539907425642
cast_ok_0_8008.jpeg,0.6138278767466545
cast_ok_0_8010.jpeg,0.6143413111567497
cast_ok_0_8011.jpeg,0.6250585913658142
cast_ok_0_8172.jpeg,0.6105152666568756
cast_ok_0_8177.jpeg,0.6533307675272226
cast_ok_0_8189.jpeg,0.606119841337204
cast_ok_0_8192.jpeg,0.6239678636193275
cast_ok_0_8611.jpeg,0.6223800182342529
cast_ok_0_8612.jpeg,0.5868415832519531
cast_ok_0_8614.jpeg,0.6352513581514359
cast_ok_0_863.jpeg,0.6517949402332306
cast_ok_0_8637.jpeg,0.635558545589447
cast_ok_0_864.jpeg,0.6324072927236557
cast_ok_0_8644.jpeg,0.5855222940444946
cast_ok_0_8652.jpeg,0.626415777951479
cast_ok_0_869.jpeg,0.6046408116817474
cast_ok_0_880.jpeg,0.6644273542333394
cast_ok_0_897.jpeg,0.6304400898516178
cast_ok_0_903.jpeg,0.6587745035067201
cast_ok_0_904.jpeg,0.6048476919531822
cast_ok_0_907.jpeg,0.612258804962039
cast_ok_0_925.jpeg,0.6110107898712158
cast_ok_0_927.jpeg,0.6374982222914696
cast_ok_0_932.jpeg,0.6009725332260132
cast_ok_0_935.jpeg,0.6127973794937134
cast_ok_0_937.jpeg,0.6194745302200317
cast_ok_0_942.jpeg,0.6361607331782579
cast_ok_0_952.jpeg,0.5975361540913582
cast_ok_0_960.jpeg,0.6059288196265697
cast_ok_0_973.jpeg,0.6202282905578613
cast_ok_0_975.jpeg,0.6176256537437439
cast_ok_0_976.jpeg,0.6130303144454956
cast_ok_0_989.jpeg,0.6230273178080097
cast_ok_0_9918.jpeg,0.6062254216521978
cast_ok_0_9920.jpeg,0.6283367983996868
cast_ok_0_9925.jpeg,0.6314219906926155
cast_ok_0_9926.jpeg,0.6190781593322754
cast_ok_0_9928.jpeg,0.6121153831481934
cast_ok_0_9934.jpeg,0.6377289593219757
cast_ok_0_9943.jpeg,0.6374556943774223
cast_ok_0_9955.jpeg,0.605696665123105
cast_ok_0_9961.jpeg,0.6010743975639343
cast_ok_0_9967.jpeg,0.6248607113957405
cast_ok_0_9973.jpeg,0.6184078324586153
cast_ok_0_9975.jpeg,0.6188986897468567
cast_ok_0_998.jpeg,0.623351514339447
cast_ok_0_9988.jpeg,0.6043258011341095
cast_ok_0_9993.jpeg,0.6175120174884796
cast_ok_0_9996.jpeg,0.5949422083795071
new__0_1339.jpeg,0.6655478434404358
new__0_1353.jpeg,0.6741955988109112
new__0_1385.jpeg,0.6782049080356956
new__0_1664.jpeg,0.6500950215850025
new__0_1780.jpeg,0.6645108107477427
new__0_2055.jpeg,0.6549390964210033
new__0_2091.jpeg,0.6629047580063343
new__0_2306.jpeg,0.6900431373505853
new__0_2783.jpeg,0.6805192474275827
new__0_3255.jpeg,0.6899219032638939
new__0_3299.jpeg,0.6329970271326602
new__0_3476.jpeg,0.691564301494509
new__0_3539.jpeg,0.6407782401074655
new__0_3645.jpeg,0.6115357279777527
new__0_3963.jpeg,0.6914732456207275
new__0_3973.jpeg,0.663041695166612
new__0_4483.jpeg,0.6682809544727206
new__0_4505.jpeg,0.6788733197608963
new__0_4633.jpeg,0.6829140707850456
new__0_5164.jpeg,0.6488089454360306
new__0_5223.jpeg,0.7078859789762646
new__0_5231.jpeg,0.6889512432971969
new__0_6223.jpeg,0.6654626507661305
new__0_6287.jpeg,0.6586691473639803
new__0_6459.jpeg,0.6413241624832153
new__0_6647.jpeg,0.6911385647399584
new__0_6708.jpeg,0.6575964540243149
new__0_7229.jpeg,0.5720430491492152
new__0_7323.jpeg,0.682514889515005
new__0_7515.jpeg,0.6650001016678289
new__0_8133.jpeg,0.6136939972639084
new__0_8159.jpeg,0.7128288159146905
new__0_8634.jpeg,0.6967591550201178
new__0_8737.jpeg,0.6504955226555467
new__0_9014.jpeg,0.6608558263396844
new__0_9248.jpeg,0.6480582123622298
new__0_9334.jpeg,0.7072553453035653
